{
  "temporal_split": {
    "config": {
      "w_nn": 0.35,
      "rain_t": 0.43000000000000005
    },
    "metrics": {
      "CSI_rain": 0.5321,
      "POD_rain": 0.8514,
      "FAR_rain": 0.4134,
      "FBI_rain": 1.4514,
      "HSS_rain": 0.3357,
      "SEDI_rain": 0.5013,
      "H_rain": 298,
      "M_rain": 52,
      "FA_rain": 210,
      "n_obs_rain": 350,
      "CSI_p90": 0.1944,
      "POD_p90": 0.2692,
      "FAR_p90": 0.5882,
      "FBI_p90": 0.6538,
      "HSS_p90": 0.307,
      "SEDI_p90": 0.554,
      "H_p90": 7,
      "M_p90": 19,
      "FA_p90": 10,
      "n_obs_p90": 26,
      "CSI_p95": 0.25,
      "POD_p95": 0.25,
      "FAR_p95": 0.0,
      "FBI_p95": 0.25,
      "HSS_p95": 0.3962,
      "SEDI_p95": 0.8442,
      "H_p95": 3,
      "M_p95": 9,
      "FA_p95": 0,
      "n_obs_p95": 12,
      "RMSE": 11.9577,
      "MAE": 7.5295,
      "corr_rainy": 0.3837
    },
    "correlation": 0.38371918360814905
  },
  "random_split": {
    "config": {
      "w_nn": 0.3,
      "rain_t": 0.4700000000000001
    },
    "metrics": {
      "CSI_rain": 0.5435,
      "POD_rain": 0.705,
      "FAR_rain": 0.2965,
      "FBI_rain": 1.0021,
      "HSS_rain": 0.523,
      "SEDI_rain": 0.6834,
      "H_rain": 337,
      "M_rain": 141,
      "FA_rain": 142,
      "n_obs_rain": 478,
      "CSI_p90": 0.3673,
      "POD_p90": 0.3913,
      "FAR_p90": 0.1429,
      "FBI_p90": 0.4565,
      "HSS_p90": 0.5265,
      "SEDI_p90": 0.7471,
      "H_p90": 18,
      "M_p90": 28,
      "FA_p90": 3,
      "n_obs_p90": 46,
      "CSI_p95": 0.2692,
      "POD_p95": 0.3182,
      "FAR_p95": 0.3636,
      "FBI_p95": 0.5,
      "HSS_p95": 0.4175,
      "SEDI_p95": 0.6839,
      "H_p95": 7,
      "M_p95": 15,
      "FA_p95": 4,
      "n_obs_p95": 22,
      "RMSE": 10.0134,
      "MAE": 4.375,
      "corr_rainy": 0.5416
    },
    "correlation": 0.5416088889635853
  },
  "thresholds": {
    "p90": 35.03998947143555,
    "p95": 48.819969177246094,
    "p99": 86.42012023925781
  }
}