{
  "temporal_split": {
    "config": {
      "w_nn": 0.3,
      "rain_t": 0.4900000000000001
    },
    "metrics": {
      "CSI_rain": 0.5549,
      "POD_rain": 0.8229,
      "FAR_rain": 0.3698,
      "FBI_rain": 1.3057,
      "HSS_rain": 0.4076,
      "SEDI_rain": 0.5732,
      "H_rain": 288,
      "M_rain": 62,
      "FA_rain": 169,
      "n_obs_rain": 350,
      "CSI_p90": 0.1111,
      "POD_p90": 0.1154,
      "FAR_p90": 0.25,
      "FBI_p90": 0.1538,
      "HSS_p90": 0.1927,
      "SEDI_p90": 0.514,
      "H_p90": 3,
      "M_p90": 23,
      "FA_p90": 1,
      "n_obs_p90": 26,
      "CSI_p95": 0.0833,
      "POD_p95": 0.0833,
      "FAR_p95": 0.0,
      "FBI_p95": 0.0833,
      "HSS_p95": 0.1518,
      "SEDI_p95": 0.7341,
      "H_p95": 1,
      "M_p95": 11,
      "FA_p95": 0,
      "n_obs_p95": 12,
      "RMSE": 11.2746,
      "MAE": 6.6508,
      "corr_rainy": 0.3631
    },
    "correlation": 0.36305999618029805
  },
  "random_split": {
    "config": {
      "w_nn": 0.22,
      "rain_t": 0.41000000000000003
    },
    "metrics": {
      "CSI_rain": 0.5732,
      "POD_rain": 0.7531,
      "FAR_rain": 0.2941,
      "FBI_rain": 1.0669,
      "HSS_rain": 0.5539,
      "SEDI_rain": 0.7198,
      "H_rain": 360,
      "M_rain": 118,
      "FA_rain": 150,
      "n_obs_rain": 478,
      "CSI_p90": 0.1667,
      "POD_p90": 0.1739,
      "FAR_p90": 0.2,
      "FBI_p90": 0.2174,
      "HSS_p90": 0.2763,
      "SEDI_p90": 0.5806,
      "H_p90": 8,
      "M_p90": 38,
      "FA_p90": 2,
      "n_obs_p90": 46,
      "CSI_p95": 0.0833,
      "POD_p95": 0.0909,
      "FAR_p95": 0.5,
      "FBI_p95": 0.1818,
      "HSS_p95": 0.1493,
      "SEDI_p95": 0.4621,
      "H_p95": 2,
      "M_p95": 20,
      "FA_p95": 2,
      "n_obs_p95": 22,
      "RMSE": 10.4156,
      "MAE": 4.3861,
      "corr_rainy": 0.4782
    },
    "correlation": 0.4781619048727574
  },
  "thresholds": {
    "p90": 35.03998947143555,
    "p95": 48.819969177246094,
    "p99": 86.42012023925781
  }
}