{
  "temporal_split": {
    "config": {
      "w_nn": 0.15,
      "rain_t": 0.41000000000000003
    },
    "metrics": {
      "CSI_rain": 0.5119,
      "POD_rain": 0.8571,
      "FAR_rain": 0.4403,
      "FBI_rain": 1.5314,
      "HSS_rain": 0.2793,
      "SEDI_rain": 0.4356,
      "H_rain": 300,
      "M_rain": 50,
      "FA_rain": 236,
      "n_obs_rain": 350,
      "CSI_p90": 0.0938,
      "POD_p90": 0.1154,
      "FAR_p90": 0.6667,
      "FBI_p90": 0.3462,
      "HSS_p90": 0.1567,
      "SEDI_p90": 0.39,
      "H_p90": 3,
      "M_p90": 23,
      "FA_p90": 6,
      "n_obs_p90": 26,
      "CSI_p95": 0.0,
      "POD_p95": 0.0,
      "FAR_p95": 0.0,
      "FBI_p95": 0.0,
      "HSS_p95": 0.0,
      "SEDI_p95": -0.0,
      "H_p95": 0,
      "M_p95": 12,
      "FA_p95": 0,
      "n_obs_p95": 12,
      "RMSE": 12.2444,
      "MAE": 8.0377,
      "corr_rainy": 0.3221
    },
    "correlation": 0.32212123189733605
  },
  "random_split": {
    "config": {
      "w_nn": 0.35,
      "rain_t": 0.4900000000000001
    },
    "metrics": {
      "CSI_rain": 0.5417,
      "POD_rain": 0.7071,
      "FAR_rain": 0.3017,
      "FBI_rain": 1.0126,
      "HSS_rain": 0.5189,
      "SEDI_rain": 0.6799,
      "H_rain": 338,
      "M_rain": 140,
      "FA_rain": 146,
      "n_obs_rain": 478,
      "CSI_p90": 0.3077,
      "POD_p90": 0.3478,
      "FAR_p90": 0.2727,
      "FBI_p90": 0.4783,
      "HSS_p90": 0.4578,
      "SEDI_p90": 0.6878,
      "H_p90": 16,
      "M_p90": 30,
      "FA_p90": 6,
      "n_obs_p90": 46,
      "CSI_p95": 0.3043,
      "POD_p95": 0.3182,
      "FAR_p95": 0.125,
      "FBI_p95": 0.3636,
      "HSS_p95": 0.4616,
      "SEDI_p95": 0.735,
      "H_p95": 7,
      "M_p95": 15,
      "FA_p95": 1,
      "n_obs_p95": 22,
      "RMSE": 10.5935,
      "MAE": 4.6825,
      "corr_rainy": 0.4816
    },
    "correlation": 0.481635214073787
  },
  "thresholds": {
    "p90": 35.03998947143555,
    "p95": 48.819969177246094,
    "p99": 86.42012023925781
  }
}