{
  "thresholds": {
    "P90": 35.6,
    "P95": 49.66999999999998
  },
  "our_model": {
    "CSI_rain": 0.5239,
    "POD_rain": 0.7829,
    "FAR_rain": 0.387,
    "FBI_rain": 1.2771,
    "HSS_rain": 0.36,
    "SEDI_rain": 0.5102,
    "H_rain": 274,
    "M_rain": 76,
    "FA_rain": 173,
    "n_obs_rain": 350,
    "CSI_p90": 0.2286,
    "POD_p90": 0.3077,
    "FAR_p90": 0.5294,
    "FBI_p90": 0.6538,
    "HSS_p90": 0.3548,
    "SEDI_p90": 0.601,
    "H_p90": 8,
    "M_p90": 18,
    "FA_p90": 9,
    "n_obs_p90": 26,
    "CSI_p95": 0.3077,
    "POD_p95": 0.3333,
    "FAR_p95": 0.2,
    "FBI_p95": 0.4167,
    "HSS_p95": 0.4657,
    "SEDI_p95": 0.7295,
    "H_p95": 4,
    "M_p95": 8,
    "FA_p95": 1,
    "n_obs_p95": 12,
    "RMSE": 12.0897,
    "MAE": 7.4485,
    "corr_rainy": 0.4059,
    "name": "Our Model (9\u00d79)",
    "R_all": "N/A",
    "R_rainy": 0.4059
  },
  "ecmwf": {
    "name": "ECMWF (9 km)",
    "N": 767,
    "R_all": 0.4663067115636038,
    "R_rainy": 0.43842996186257005,
    "RMSE": 11.689889905082588,
    "MAE": 6.85452990978082,
    "CSI_rain": 0.4767,
    "POD_rain": 0.9943,
    "FAR_rain": 0.522,
    "FBI_rain": 2.08,
    "HSS_rain": 0.0764,
    "SEDI_rain": 0.3682,
    "H_rain": 348,
    "M_rain": 2,
    "FA_rain": 380,
    "n_obs_rain": 350,
    "CSI_P90": 0.2069,
    "POD_P90": 0.24,
    "FAR_P90": 0.4,
    "FBI_P90": 0.4,
    "HSS_P90": 0.3304,
    "SEDI_P90": 0.5866,
    "H_P90": 6,
    "M_P90": 19,
    "FA_P90": 4,
    "n_obs_P90": 25,
    "CSI_P95": 0.5,
    "POD_P95": 0.6,
    "FAR_P95": 0.25,
    "FBI_P95": 0.8,
    "HSS_P95": 0.6628,
    "SEDI_P95": 0.8606,
    "H_P95": 6,
    "M_P95": 4,
    "FA_P95": 2,
    "n_obs_P95": 10
  },
  "gfs": {
    "name": "GFS (25 km)",
    "N": 774,
    "R_all": 0.4087778266299681,
    "R_rainy": 0.37646921244146275,
    "RMSE": 14.222598639344307,
    "MAE": 7.015390826873386,
    "CSI_rain": 0.4978,
    "POD_rain": 0.9771,
    "FAR_rain": 0.4963,
    "FBI_rain": 1.94,
    "HSS_rain": 0.1685,
    "SEDI_rain": 0.4276,
    "H_rain": 342,
    "M_rain": 8,
    "FA_rain": 337,
    "n_obs_rain": 350,
    "CSI_P90": 0.2258,
    "POD_P90": 0.28,
    "FAR_P90": 0.4615,
    "FBI_P90": 0.52,
    "HSS_P90": 0.3541,
    "SEDI_P90": 0.602,
    "H_P90": 7,
    "M_P90": 18,
    "FA_P90": 6,
    "n_obs_P90": 25,
    "CSI_P95": 0.375,
    "POD_P95": 0.6,
    "FAR_P95": 0.5,
    "FBI_P95": 1.2,
    "HSS_P95": 0.539,
    "SEDI_P95": 0.8349,
    "H_P95": 6,
    "M_P95": 4,
    "FA_P95": 6,
    "n_obs_P95": 10
  }
}