{
  "temporal_split": {
    "config": {
      "w_nn": 0.35,
      "rain_t": 0.5800000000000003,
      "ext_boost": 0.3,
      "use_cal": true
    },
    "metrics": {
      "CSI_rain": 0.4695,
      "POD_rain": 0.66,
      "FAR_rain": 0.3807,
      "FBI_rain": 1.0657,
      "HSS_rain": 0.3178,
      "SEDI_rain": 0.4432,
      "H_rain": 231,
      "M_rain": 119,
      "FA_rain": 142,
      "n_obs_rain": 350,
      "CSI_p90": 0.1731,
      "POD_p90": 0.3462,
      "FAR_p90": 0.7429,
      "FBI_p90": 1.3462,
      "HSS_p90": 0.2666,
      "SEDI_p90": 0.5498,
      "H_p90": 9,
      "M_p90": 17,
      "FA_p90": 26,
      "n_obs_p90": 26,
      "CSI_p95": 0.35,
      "POD_p95": 0.5833,
      "FAR_p95": 0.5333,
      "FBI_p95": 1.25,
      "HSS_p95": 0.51,
      "SEDI_p95": 0.8159,
      "H_p95": 7,
      "M_p95": 5,
      "FA_p95": 8,
      "n_obs_p95": 12,
      "RMSE": 13.4547,
      "MAE": 7.3616,
      "corr_rainy": 0.4067
    },
    "correlation": 0.4066970045735662
  },
  "random_split": {
    "config": {
      "w_nn": 0.05,
      "rain_t": 0.5200000000000002,
      "ext_boost": 1.0,
      "use_cal": false
    },
    "metrics": {
      "CSI_rain": 0.5586,
      "POD_rain": 0.6778,
      "FAR_rain": 0.2394,
      "FBI_rain": 0.8912,
      "HSS_rain": 0.559,
      "SEDI_rain": 0.7139,
      "H_rain": 324,
      "M_rain": 154,
      "FA_rain": 102,
      "n_obs_rain": 478,
      "CSI_p90": 0.5606,
      "POD_p90": 0.8043,
      "FAR_p90": 0.3509,
      "FBI_p90": 1.2391,
      "HSS_p90": 0.7066,
      "SEDI_p90": 0.9215,
      "H_p90": 37,
      "M_p90": 9,
      "FA_p90": 20,
      "n_obs_p90": 46,
      "CSI_p95": 0.4468,
      "POD_p95": 0.9545,
      "FAR_p95": 0.5435,
      "FBI_p95": 2.0909,
      "HSS_p95": 0.6084,
      "SEDI_p95": 0.981,
      "H_p95": 21,
      "M_p95": 1,
      "FA_p95": 25,
      "n_obs_p95": 22,
      "RMSE": 12.293,
      "MAE": 4.8198,
      "corr_rainy": 0.7375
    },
    "correlation": 0.7375356921502417
  },
  "thresholds": {
    "p90": 35.03998947143555,
    "p95": 48.819969177246094,
    "p99": 86.42012023925781
  },
  "feature_count": 158
}