{
  "forward_2024": {
    "metrics": {
      "CSI_rain": 0.4695,
      "POD_rain": 0.66,
      "FAR_rain": 0.3807,
      "FBI_rain": 1.0657,
      "HSS_rain": 0.3178,
      "SEDI_rain": 0.4432,
      "H_rain": 231,
      "M_rain": 119,
      "FA_rain": 142,
      "n_obs_rain": 350,
      "CSI_p90": 0.1731,
      "POD_p90": 0.3462,
      "FAR_p90": 0.7429,
      "FBI_p90": 1.3462,
      "HSS_p90": 0.2666,
      "SEDI_p90": 0.5498,
      "H_p90": 9,
      "M_p90": 17,
      "FA_p90": 26,
      "n_obs_p90": 26,
      "CSI_p95": 0.35,
      "POD_p95": 0.5833,
      "FAR_p95": 0.5333,
      "FBI_p95": 1.25,
      "HSS_p95": 0.51,
      "SEDI_p95": 0.8159,
      "H_p95": 7,
      "M_p95": 5,
      "FA_p95": 8,
      "n_obs_p95": 12,
      "RMSE": 13.4547,
      "MAE": 7.3616,
      "corr_rainy": 0.4067
    },
    "corr": 0.4066970045735662,
    "config": {
      "w_nn": 0.35,
      "rain_t": 0.5800000000000003,
      "ext_boost": 0.3,
      "use_cal": true
    },
    "ecmwf": {
      "CSI_rain": 0.4767,
      "POD_rain": 0.9943,
      "FAR_rain": 0.522,
      "CSI_p90": 0.1935,
      "POD_p90": 0.2308,
      "FAR_p90": 0.4545,
      "SEDI_p90": 0.5625,
      "CSI_p95": 0.4286,
      "POD_p95": 0.5,
      "FAR_p95": 0.25,
      "SEDI_p95": 0.81,
      "RMSE": 11.6899,
      "MAE": 6.8545,
      "corr_rainy": 0.43842996705096116
    }
  },
  "reverse_2015_2017": {
    "metrics": {
      "CSI_rain": 0.4695,
      "POD_rain": 0.6689,
      "FAR_rain": 0.3883,
      "FBI_rain": 1.0935,
      "HSS_rain": 0.4236,
      "SEDI_rain": 0.5825,
      "H_rain": 608,
      "M_rain": 301,
      "FA_rain": 386,
      "n_obs_rain": 909,
      "CSI_p90": 0.4113,
      "POD_p90": 0.617,
      "FAR_p90": 0.4476,
      "FBI_p90": 1.117,
      "HSS_p90": 0.566,
      "SEDI_p90": 0.8145,
      "H_p90": 58,
      "M_p90": 36,
      "FA_p90": 47,
      "n_obs_p90": 94,
      "CSI_p95": 0.4941,
      "POD_p95": 0.8077,
      "FAR_p95": 0.44,
      "FBI_p95": 1.4423,
      "HSS_p95": 0.653,
      "SEDI_p95": 0.9268,
      "H_p95": 42,
      "M_p95": 10,
      "FA_p95": 33,
      "n_obs_p95": 52,
      "RMSE": 10.1475,
      "MAE": 4.7793,
      "corr_rainy": 0.7247
    },
    "corr": 0.7246850420578761,
    "config": {
      "w_nn": 0.4,
      "rain_t": 0.46000000000000013,
      "ext_boost": 0.7,
      "use_cal": false
    },
    "ecmwf": {
      "CSI_rain": 0.3927,
      "POD_rain": 0.9681,
      "FAR_rain": 0.6022,
      "CSI_p90": 0.0569,
      "POD_p90": 0.0745,
      "FAR_p90": 0.8056,
      "SEDI_p90": 0.2673,
      "CSI_p95": 0.0147,
      "POD_p95": 0.0192,
      "FAR_p95": 0.9412,
      "SEDI_p95": 0.1229,
      "RMSE": 14.5117,
      "MAE": 6.6143,
      "corr_rainy": 0.10485838464934494
    }
  },
  "middle_2018_2021": {
    "metrics": {
      "CSI_rain": 0.4671,
      "POD_rain": 0.5517,
      "FAR_rain": 0.2472,
      "FBI_rain": 0.7328,
      "HSS_rain": 0.4571,
      "SEDI_rain": 0.6085,
      "H_rain": 731,
      "M_rain": 594,
      "FA_rain": 240,
      "n_obs_rain": 1325,
      "CSI_p90": 0.4145,
      "POD_p90": 0.4961,
      "FAR_p90": 0.2841,
      "FBI_p90": 0.6929,
      "HSS_p90": 0.5729,
      "SEDI_p90": 0.7737,
      "H_p90": 63,
      "M_p90": 64,
      "FA_p90": 25,
      "n_obs_p90": 127,
      "CSI_p95": 0.3896,
      "POD_p95": 0.5,
      "FAR_p95": 0.3617,
      "FBI_p95": 0.7833,
      "HSS_p95": 0.5538,
      "SEDI_p95": 0.7906,
      "H_p95": 30,
      "M_p95": 30,
      "FA_p95": 17,
      "n_obs_p95": 60,
      "RMSE": 8.5422,
      "MAE": 4.0417,
      "corr_rainy": 0.7391
    },
    "corr": 0.7390683871324022,
    "config": {
      "w_nn": 0.35,
      "rain_t": 0.5600000000000003,
      "ext_boost": 0.5,
      "use_cal": true
    },
    "ecmwf": {
      "CSI_rain": 0.4172,
      "POD_rain": 0.9789,
      "FAR_rain": 0.579,
      "CSI_p90": 0.0575,
      "POD_p90": 0.0787,
      "FAR_p90": 0.8246,
      "SEDI_p90": 0.2566,
      "CSI_p95": 0.0123,
      "POD_p95": 0.0167,
      "FAR_p95": 0.9545,
      "SEDI_p95": 0.1068,
      "RMSE": 12.3253,
      "MAE": 5.9947,
      "corr_rainy": 0.2553489961364138
    }
  },
  "loyo": {
    "2015": {
      "CSI_rain": 0.4198,
      "CSI_p90": 0.3793,
      "FAR_p90": 0.2143,
      "SEDI_p90": 0.7541,
      "CSI_p95": 0.4375,
      "SEDI_p95": 0.8227,
      "corr_rainy": 0.713046024241546,
      "RMSE": 8.0525
    },
    "2016": {
      "CSI_rain": 0.5488,
      "CSI_p90": 0.463,
      "FAR_p90": 0.3902,
      "SEDI_p90": 0.8386,
      "CSI_p95": 0.5152,
      "SEDI_p95": 0.8834,
      "corr_rainy": 0.7569439047022217,
      "RMSE": 9.6533
    },
    "2017": {
      "CSI_rain": 0.4122,
      "CSI_p90": 0.4688,
      "FAR_p90": 0.1176,
      "SEDI_p90": 0.812,
      "CSI_p95": 0.4375,
      "SEDI_p95": 0.8119,
      "corr_rainy": 0.7835764143501828,
      "RMSE": 8.8067
    },
    "2018": {
      "CSI_rain": 0.4201,
      "CSI_p90": 0.5238,
      "FAR_p90": 0.2667,
      "SEDI_p90": 0.8708,
      "CSI_p95": 0.4545,
      "SEDI_p95": 0.8663,
      "corr_rainy": 0.757920831638211,
      "RMSE": 6.6793
    },
    "2019": {
      "CSI_rain": 0.5071,
      "CSI_p90": 0.15,
      "FAR_p90": 0.0,
      "SEDI_p90": 0.7913,
      "CSI_p95": 0.3333,
      "SEDI_p95": 0.8753,
      "corr_rainy": 0.6472980371636406,
      "RMSE": 7.6284
    },
    "2020": {
      "CSI_rain": 0.5204,
      "CSI_p90": 0.4038,
      "FAR_p90": 0.125,
      "SEDI_p90": 0.7566,
      "CSI_p95": 0.4074,
      "SEDI_p95": 0.7781,
      "corr_rainy": 0.8131486965388062,
      "RMSE": 8.8151
    },
    "2021": {
      "CSI_rain": 0.5012,
      "CSI_p90": 0.4915,
      "FAR_p90": 0.383,
      "SEDI_p90": 0.8634,
      "CSI_p95": 0.4516,
      "SEDI_p95": 0.8591,
      "corr_rainy": 0.7709115976058969,
      "RMSE": 9.8421
    },
    "2022": {
      "CSI_rain": 0.5638,
      "CSI_p90": 0.3571,
      "FAR_p90": 0.4118,
      "SEDI_p90": 0.7217,
      "CSI_p95": 0.5217,
      "SEDI_p95": 0.8633,
      "corr_rainy": 0.7913103941381981,
      "RMSE": 8.4346
    },
    "2023": {
      "CSI_rain": 0.3457,
      "CSI_p90": 0.1579,
      "FAR_p90": 0.7097,
      "SEDI_p90": 0.4761,
      "CSI_p95": 0.1111,
      "SEDI_p95": 0.4433,
      "corr_rainy": 0.3892107938700017,
      "RMSE": 13.0061
    },
    "2024": {
      "CSI_rain": 0.4695,
      "CSI_p90": 0.1731,
      "FAR_p90": 0.7429,
      "SEDI_p90": 0.5498,
      "CSI_p95": 0.35,
      "SEDI_p95": 0.8159,
      "corr_rainy": 0.4066970045735662,
      "RMSE": 13.4547
    }
  },
  "loyo_ecmwf": {
    "2015": {
      "CSI_rain": 0.3452,
      "POD_rain": 0.9357,
      "FAR_rain": 0.6464,
      "CSI_p90": 0.0,
      "POD_p90": 0.0,
      "FAR_p90": 0.0,
      "SEDI_p90": -0.0,
      "CSI_p95": 0.0,
      "POD_p95": 0.0,
      "FAR_p95": 0.0,
      "SEDI_p95": -0.0,
      "RMSE": 11.6643,
      "MAE": 4.8082,
      "corr_rainy": 0.0698643424455414
    },
    "2016": {
      "CSI_rain": 0.4379,
      "POD_rain": 0.9911,
      "FAR_rain": 0.5604,
      "CSI_p90": 0.0377,
      "POD_p90": 0.0526,
      "FAR_p90": 0.8824,
      "SEDI_p90": 0.154,
      "CSI_p95": 0.0333,
      "POD_p95": 0.0417,
      "FAR_p95": 0.8571,
      "SEDI_p95": 0.2182,
      "RMSE": 16.4342,
      "MAE": 7.9302,
      "corr_rainy": 0.12744329123870432
    },
    "2017": {
      "CSI_rain": 0.3895,
      "POD_rain": 0.9689,
      "FAR_rain": 0.6056,
      "CSI_p90": 0.1136,
      "POD_p90": 0.1667,
      "FAR_p90": 0.7368,
      "SEDI_p90": 0.4028,
      "CSI_p95": 0.0,
      "POD_p95": 0.0,
      "FAR_p95": 1.0,
      "SEDI_p95": -0.5697,
      "RMSE": 15.021,
      "MAE": 7.1046,
      "corr_rainy": 0.08729570150975692
    },
    "2018": {
      "CSI_rain": 0.3569,
      "POD_rain": 0.9926,
      "FAR_rain": 0.6422,
      "CSI_p90": 0.0,
      "POD_p90": 0.0,
      "FAR_p90": 1.0,
      "SEDI_p90": -0.6017,
      "CSI_p95": 0.0,
      "POD_p95": 0.0,
      "FAR_p95": 1.0,
      "SEDI_p95": -0.455,
      "RMSE": 10.4833,
      "MAE": 4.7479,
      "corr_rainy": 0.2798872913312906
    },
    "2019": {
      "CSI_rain": 0.395,