{
  "temporal_split": {
    "config": {
      "w_nn": 0.3,
      "rain_t": 0.5100000000000001
    },
    "metrics": {
      "CSI_rain": 0.5239,
      "POD_rain": 0.7829,
      "FAR_rain": 0.387,
      "FBI_rain": 1.2771,
      "HSS_rain": 0.36,
      "SEDI_rain": 0.5102,
      "H_rain": 274,
      "M_rain": 76,
      "FA_rain": 173,
      "n_obs_rain": 350,
      "CSI_p90": 0.2286,
      "POD_p90": 0.3077,
      "FAR_p90": 0.5294,
      "FBI_p90": 0.6538,
      "HSS_p90": 0.3548,
      "SEDI_p90": 0.601,
      "H_p90": 8,
      "M_p90": 18,
      "FA_p90": 9,
      "n_obs_p90": 26,
      "CSI_p95": 0.3077,
      "POD_p95": 0.3333,
      "FAR_p95": 0.2,
      "FBI_p95": 0.4167,
      "HSS_p95": 0.4657,
      "SEDI_p95": 0.7295,
      "H_p95": 4,
      "M_p95": 8,
      "FA_p95": 1,
      "n_obs_p95": 12,
      "RMSE": 12.0897,
      "MAE": 7.4485,
      "corr_rainy": 0.4059
    },
    "correlation": 0.4058948489263264
  },
  "random_split": {
    "config": {
      "w_nn": 0.35,
      "rain_t": 0.45000000000000007
    },
    "metrics": {
      "CSI_rain": 0.5388,
      "POD_rain": 0.7113,
      "FAR_rain": 0.3103,
      "FBI_rain": 1.0314,
      "HSS_rain": 0.5123,
      "SEDI_rain": 0.6743,
      "H_rain": 340,
      "M_rain": 138,
      "FA_rain": 153,
      "n_obs_rain": 478,
      "CSI_p90": 0.3462,
      "POD_p90": 0.3913,
      "FAR_p90": 0.25,
      "FBI_p90": 0.5217,
      "HSS_p90": 0.5018,
      "SEDI_p90": 0.7205,
      "H_p90": 18,
      "M_p90": 28,
      "FA_p90": 6,
      "n_obs_p90": 46,
      "CSI_p95": 0.375,
      "POD_p95": 0.4091,
      "FAR_p95": 0.1818,
      "FBI_p95": 0.5,
      "HSS_p95": 0.5401,
      "SEDI_p95": 0.7718,
      "H_p95": 9,
      "M_p95": 13,
      "FA_p95": 2,
      "n_obs_p95": 22,
      "RMSE": 10.1692,
      "MAE": 4.4005,
      "corr_rainy": 0.5358
    },
    "correlation": 0.5358492641263092
  },
  "thresholds": {
    "p90": 35.03998947143555,
    "p95": 48.819969177246094,
    "p99": 86.42012023925781
  }
}